ranking,name,logo,nativePaymentAsset,floorPrice,numOwners,totalSupply,sevenDayChange,sevenDayVolume,oneDayChange,oneDayVolume,thirtyDayChange,totalVolume
1,Aurory,https://lh3.googleusercontent.com/Qzl6u460tNyzWFrlaLQIa2VMBc1HBX5X7IDfEYBbKV3q1p_BDVkqC-A7-DS5RA-IKagzD0m7J-LDpmr_XnY2ocsTcXGM01DXM7lqUg=s120,SOL,55,3047,10005,5.34120954003407,3661.70679857013,1.08988130215066,874.668546212317,0,4386.71154310809
2,Grim Syndicate,https://lh3.googleusercontent.com/Ufl2FO0Rb42lXVfcGnD9n8b2rb8kMoJELQtTJxwadm21kfB1IvvfzS0YkfAv2UHib5-Dw7RLSCZghrbkaAaqMZeLi8usDOYuoqFb0A=s120,SOL,11.69,2720,10000,1.35397968146898,1185.10849809971,-0.566484517304189,23.4410114862102,0,1775.57477352351
3,Degenerate Ape Academy,https://lh3.googleusercontent.com/UdurmG-0kGw9AB4E0E9ZosS2g-WTsTdvfyjCJgxPY2oSTTU1JaMFvvkODa0xni1hpX2FKbl1FqA-Ba2zRQ8fEGqugMjATolXKdrq=s120,SOL,70,4187,9994,6.74706994328923,1212.24114160069,-0.597883597883598,74.935603241791,0,1704.96442480061
4,Solana Monkey Business,https://lh3.googleusercontent.com/gRSzhQDZEhYJys7z2tstXwunuijtKBYVuomSHTTQJhUsNnxzhyhySO6qzizWA44xFTO3r2HNyWhYK8KFYd7MNHovXlG6WfJKRb1cFFE=s120,SOL,240,2523,4971,-0.729208735332464,207.847719398413,-1,0,0,1535.81132232987
5,Space Runners,https://lh3.googleusercontent.com/JhX9z0tHr3P2SCx5UY_To2--PVnsItTQWLYB1bLAIk4P_1TUiH6253hOz8f8NTRf__Sp74h6jdilKRmJW0dQ8aE0VuvaofZT880low=s120,SOL,18.5,5053,9888,-1,0,0,0,0,1262.17413707806
6,Nyan Heroes,https://lh3.googleusercontent.com/ytTTIXSJUyuoy1UM9fPiVm3ORAqnbO17lRJ_KsYeMg8pjtJDk31026BR7hcUWjnbl7JW6nfwLTgn9Mox0hRekY8-DiqyR32N-BdnVw=s120,SOL,10.7,8198,11109,0.838088193857425,511.669560874532,-0.924220896087904,15.6872649778537,0,1209.35086622396
7,Monkey Kingdom,https://lh3.googleusercontent.com/u1RQVEGxmSY2gOkBLVGMFI8DC553hJ9eiyfI-hKaSWJZ-86CZ48DUqSsaS8b-gck4h7iXy-wSGnIfFCUHSQ49jEO-y1_289cbEVEIQ=s120,SOL,43,974,2222,-0.703244035161155,275.766746728323,-1,0,0,1205.03786307498
8,Dope Cats,https://lh3.googleusercontent.com/FnsRY_1Bs5Vz4OkRaaV5WuLZqKX8ZN2VMehyxB__-KTJIBiMj-OeN78yS1f55DtMGEkAbgw7NP50HN8trgwd7Fr26zqXCt16ar0D1w=s120,SOL,0.9,1296,3333,-0.887277255743117,26.330155750054,0.230660593340828,5.22846776936687,0,1194.03377474785
9,DeGods,https://lh3.googleusercontent.com/OYvE-daPlxRCqry6lJY2SaXKodbD1-2jTucE7l2iEb50no017kXDuu9uYVt44To6930sL3xtSrm3XpSedtpXbcIydIv-xK0WLIxx=s120,SOL,,4651,10000,-1,0,0,0,0,1044.11840437888
10,SolGoros,https://lh3.googleusercontent.com/U3oZziRH5O-dIcaBWi_rkY_-VpTvICeK6U9G5f169OXbWKE7-K-wdA0sFCOR6Ed-MuhO7DvRT46bKAyyZYGvwe2UjcRtrXHEkS1xHg=s120,SOL,9,177,1396,0,996.525332458039,20.2250377375515,871.099611002516,0,996.525332458039
11,Boryoku Dragonz,https://lh3.googleusercontent.com/XJXuOOrWV9wmh1vae5cT5fdJXY3txGnBVNmerXyJXlJKRKbr3TP49JMbHtOqL3j8WX0rO2XlVlFn4hPF3PN8iHHyIPil8EHtUikOEw=s120,SOL,215,523,1111,-1,0,0,0,0,754.093924079838
12,Degenerate Ape Kindergarten,https://lh3.googleusercontent.com/fRBPo4uzKSrtRj8icFch6jf2PnnFReT06hENFV2_-ti7uIgXO-FO4pp42JDkUOlgxkVqoGUyEhFUX3O-ni3zfhL8FWhF6HbWUAU6=s120,SOL,82,1003,2500,6.73996708444107,610.38301224694,-1,0,0,689.244201911937
13,Drippiesâ„¢,https://lh3.googleusercontent.com/KGk7lBxKlFPVDHTqPYCfqDmo4K9vL5EV7Z2ZTwVLFxOjDbikuw4x2u5Te0uz4PtchRRIXUPSLjg-qyLUAoStKpR9pftxaFw_cAEKGw=s120,SOL,2.5,2880,5555,-0.716212199465918,118.603437551049,-0.47991331715257,15.3815185601571,0,683.993884246526
14,Galactic Gecko Space Garage,https://lh3.googleusercontent.com/lM8t6_HQ7XKHnnRYZBxMAWHUtO_Y9KRmv5KZsA7wGDXxc1UR9xIjsFWx-cxUuCB5T9KINTUStjcl54pt8bw1As07f2BEoob35oIW=s120,SOL,12.98,3351,9997,-0.736013569805076,96.3627348797637,0,14.7962025099443,135.70738,679.182093864616
15,SOLgods,https://lh3.googleusercontent.com/63O9mLzjiowEQ4aErxFWPr8ByUSq-b1ng7m2tKQ8n8WDIoZQHMAVbrxnSIFtN8fga3sp89LvsAq9vj_FfCB3Ob3V9WfyuPH_M6rtWA=s120,SOL,46,2738,6661,-1,0,0,0,0,662.94796668014
16,SolPunks,https://lh3.googleusercontent.com/mGCxeu00CqL0CI3AVpmghYAaXIhZ5KsVhgJIEzd6Zd5LtkwX9bi12lQMD990hTvoj0P9866Z_kDqCmpoY7MlXVBAPKuygoSK04IhRA=s120,SOL,5.1,3644,9966,0.681839667233882,352.906494966774,0.501910219675262,31.1933595646695,0,660.05942310626
17,Moondusa,https://lh3.googleusercontent.com/oFWggNPfu-PvGeTU0s8E-73RjjfcT1jhKczSri0F85Q8AvlPeuv1oqNN82ByehCQ0pz_UmImlMjQin2fladkiFB1g7PW9KR0wGlL64U=s120,SOL,1.1,1137,4444,-0.901064516541976,16.0028461852061,2.4375,5.4230224287513,0,614.454067423507
18,Stoned Ape Crew,https://lh3.googleusercontent.com/XvTMloYdyEv8jP17LB2_Ik_8ojbn8Of0fEr6j2fUjvqD3EtXVjqZ5szAoHmeYOQqccLaifqt4hcmcDS1S9gu7hMmw6Ad5asMUd1f=s120,SOL,104.2,4040,4198,-1,0,0,0,0,525.308287163102
19,Metawana: Genesis,https://lh3.googleusercontent.com/tJNZq1Siz0mI2wLWvvO29l3YdDlIQ1E4Ap5iLdq6dotoL65iZW1dS5Cur2Jy4N5C7FYy7aZWxB8va0RZpJ684f_5gev9v8O5ZvYXXw=s120,SOL,0.57,1508,4420,0.469677117454375,62.8664388319859,2.08547008547009,3.6130137259762,-0.665777637391772,2053.48341928693
20,Portals,https://lh3.googleusercontent.com/M-lW46K8vEBZZbFPPmW8oc8ugQnVRP7YxOOG8TyTDwKmSAD_6YgqQ9-VZYzJFC8Objri8XJP6Dps8kJ5Lvw6XCHDtGxKxT9Uhvtk9fA=s120,SOL,,2996,5000,-1,0,0,0,0,716.338310429586
21,World of Solana,https://lh3.googleusercontent.com/wflmxtYMIXa97VYq_Kp1qfOAd6haiLwNEnU4bGd1XVyz9zJ-LbsVZTdZ_6PhoLBu45uTjsAncVjl2_5tCTDIeRqsJOXeroN1X7KOK5s=s120,SOL,2.95,613,2210,-1,0,0,0,0,471.534636103411
22,Shadowy Super Coder,https://lh3.googleusercontent.com/5Ty2E7_hT4c9sHNStPwXcc9Gp8ciJlUNVb_AgTxSzuvKq6BKVO4xx44vr9RLFSDoEmPvnkLaYvBsiLMiTI0aiZYY-djUlvQPktVZ=s120,SOL,,153,10000,0,256.57092204086,-1,0,0,440.250902729126
23,YAKU Corp: Capsule X,https://lh3.googleusercontent.com/NvDrSnAfUHikAoJMWAwARD6QqusoZ1N0hBl58poOsN5iCtZVSpv5pUVC5znYcBkvFkRkpEMFeJSH8wJ4pT_PyT1sexU9pvHzeEGHc5w=s120,SOL,10.01,3997,6999,-0.245553643144005,26.0372545606755,-1,0,-0.551899044351875,1170.13204013098
24,Project: TENJIN,https://lh3.googleusercontent.com/fmejr3coEVpNkV463xRznLwbmtoZSwO0Aq_BBtsVkLADY5pEdO9hFC-Rn9bffT9l8sbb2_5x8Muk2aFPTVl9FZ73wAbJolsIutQvWA=s120,SOL,2,5933,7499,-0.313090353973857,145.204787005754,-1,0,0,357.500861458504
25,Tojiba CPU Corp,https://lh3.googleusercontent.com/gW2RqnYJjX3A09hIcfEnVS_thra-1j30AxdI_7pxauDo1rxPsfDp8ib1hNTwCTTkT_Aj4wtKyGhVMUA5MN9y3mqve_-8gzVx9Cn9Sw=s120,SOL,3,380,2090,5.90584727598702,308.399135069104,0,29.2157176767455,0,353.056817572664
26,Degenerate Trash Pandas,https://lh3.googleusercontent.com/ujTMHw279R6dyoT7sEAA8TBMRJAQWUrQq_yTrUaPoDuAPKR7DAgORqsa8cQCtMD_MyCWnNywUlU07lTXprUKMUuS1dl6MYWRZ5IQ=s120,SOL,7.45,20311,30518,0.812163543936093,173.0028854349,0,15.3516717319045,0,338.857295631181
27,Solana Monke Rejects,https://lh3.googleusercontent.com/ltEPCCcoqOZ10SKHu47rugw8VpYAbICAzYzF9bcWKHZPI9i3jF16v0D_-fT8ZTLz-FgIHtQJaoC2mK5w1Pe93zm3F3gTGMAIPOVqKQ=s120,SOL,5.2,2727,5999,0.750123946455131,208.387622183911,0.245098039215686,31.2384655540094,0,333.361162173526
28,Genopets Refined Crystals,https://lh3.googleusercontent.com/Q4cGKGGiDfkSsaDt0p4R1UKuzDsusvBgHvh0VmavPT8LJrk5f5Z0bn7Sr0YEvADWSl7qUwUcLCIZ2wJ-lh-eBO_hU4JRQzyi15feSw=s120,SOL,4.5,1547,3681,1.23054114158636,29.654112495645,0,17.6899740543977,1.59698789251381,491.350205085281
29,Psyker,https://lh3.googleusercontent.com/4q42EaSJJazzgJWaiMPBdBU-eU_W4XkGdfE4ndnvjrjlxTI216IL2yBovtPugGsF2UDTDWBoM5A8IugMYfubvb07ArFodPnylg83YX0=s120,SOL,0.42,2455,7000,2.71118916014125,94.7941223995192,-0.863684833832107,2.71977956553538,-0.601873787156936,979.146704302876
30,Yaku Engineering ONI-S01,https://lh3.googleusercontent.com/RO-n426J1sFhKcgR0c8c3_kajgFhGHCmgf3NBoSgs9hSz1bk45LOo5jTDYCYPz43SNwlNbGEkzTQnMV_m-SYp7A-ugZTdkMgvAPBHEQ=s120,SOL,,4071,7002,0.429605501266739,39.0937553302681,0,15.3405875346622,-0.71468937759564,2829.5834452954
31,Mindfolk,https://lh3.googleusercontent.com/eUfzzEHHbaWl3R3kKVBdWJqoRN3b6C2FygkrL9M_xtSCTNO1kMshghR1z7mDjbUUtJy3smyn42gw2dyz-s2-khCI2rbu0tjp9ytYvA=s120,SOL,95,344,768,-1,0,0,0,0,261.273498698652
32,Genopets,https://lh3.googleusercontent.com/Q4cGKGGiDfkSsaDt0p4R1UKuzDsusvBgHvh0VmavPT8LJrk5f5Z0bn7Sr0YEvADWSl7qUwUcLCIZ2wJ-lh-eBO_hU4JRQzyi15feSw=s120,SOL,,2694,3218,3.13875,98.8977189488907,-1,0,1.3548473967684,372.103538737229
33,Cets on Creck,https://lh3.googleusercontent.com/kMVcTy0HKYRkevj4AkM9x7usYDDxZDZcqcsT-4fwMqvrVqGErxMAtHbRPgDnwZGSREDTmksGGuguzWaTcuD-CQpPVJFE33GhW7HyZg=s120,SOL,,3830,6963,-1,0,0,0,0,245.639413555001
34,Enviro,https://lh3.googleusercontent.com/ogJH3lgCYb9Jgv69kyVZ3JeSQ1W5MvkEhYNZpanZ90y1iJxJx2PkIMNciMukQrl8OjTI6hM5xmmrUWBK8YzUQqQq2KUjAlpsmDAaRQ=s120,SOL,7.1,3959,14000,-0.884324324324324,23.8503662284672,-1,0,0,230.033438764281
35,BR1: Genesis Apes,https://lh3.googleusercontent.com/wjJXnhMlNt1B9ARpk_oxd9r_Serx0Yp4Rtu5h0ftPmP7VuhC4MDZHm9GvOzAbfWGdadAvZ0o_HXvERmUlqV3KDifx2XJ8yPqRzqd=s120,SOL,,783,2500,0.409395973154363,41.2679783497039,0,7.36928184816142,8.36223092840314,241.701636338668
36,Famous Fox Federation,https://lh3.googleusercontent.com/nO71D1iBJic5oI9QDtXjLfLNG_tx_SXkq64RihXptxV6gdznmV-uoVU58o37mGB_4Vue-YCAiezseaKT4WT3H96RsOi_qrI7L9iOoA=s120,SOL,40,4230,7779,0.244366197183099,119.936742814254,-1,0,0,216.320542925312
37,Baby Ape Social Club,https://lh3.googleusercontent.com/K4GmMbVf79PfxQw_B7LdUic_UsV8lA85y9oQRvuC-vx4bLnBRoIXSwZ7ItJfCifb-gEQnTbIvu5svLqQ5tX63hTIHAtrgIoQm2HXXcQ=s120,SOL,,959,5000,0.292484589488571,82.8699224712046,4.83915343915344,54.3858506417824,0,187.297950641986
38,Diamond Baepes,https://lh3.googleusercontent.com/9A2Lxcg5gj_HWCc3EUc3VSHZAUHMrypztvwOAZT4ao4qXdYMCxs2PhDoYplP04wOFat5uh4vNaK4iu3v_1o9j3pf5yX6QuQR9Eqv5w=s120,SOL,22,990,2221,-0.101134831460674,77.7948514405781,-1,0,0,164.342705516397
39,SolChicks,https://lh3.googleusercontent.com/EG8-ZJraXK90iGSvcq-mpPfbYIUuB2OwLJ7iDFTOkeTzbgvVXFAGlqeyPFwOh327yCWv-9-CayBQp5VZ2ZOyTBBA11T-q_MypDYa-A=s120,SOL,7,2732,5414,15.5075268817204,151.986285937449,-0.04410480349345,21.6713118757866,17.3172501831725,174.844509329416
40,The Chimpions,https://lh3.googleusercontent.com/cyzAPGLQ6kzaLaMeHsaC5RwzFfgL6NmBDkGxxG7f7UaYpm7M5MBEYVvrOuWkh9obMgcS0NnI5m9dUtyD08feuAcIfGKAC8-AuCIs6ng=s120,SOL,80,178,221,-1,0,0,0,0,158.275275604828
41,Blocksmith Labs,https://lh3.googleusercontent.com/kVWanIsxwQsw3egPHje3ApShycYWbP9v_7wCi-5ekF0RbO_IJi44phhsGH-d4iqzBI7UUv9fJwhfsevDVYzjeqaudsrztvdxkYeCobs=s120,SOL,,2914,4444,-0.779475323204681,22.9687889386711,-1,0,0,153.356890295345
42,OG Atadia,https://lh3.googleusercontent.com/O8GK9vCJ5Cdtjz9aP3x7M4Bc4Z5HNgcsP0AcZFRjhC8p8fU4icgv2ecfNfZhMBjcYycVgJ2gpvCae_1TfXdbGOg2d6pKCdXRPlSsfQ=s120,SOL,,2274,4999,-1,0,0,0,0,150.195364474836
43,The Neighborhood,https://lh3.googleusercontent.com/YZDtjZ9umm8XN5zNyfVO_e82XqfMkgxroBcKK0pjRZYjU2-dOA-DQP5mRW9YtPMBrrwy-kCjdxFeIAQHIBych44M0Jz6xsabjDcVKw=s120,SOL,0.45,2178,5414,-0.519204574709698,36.2293052061773,-0.361418586309119,2.32454272655764,0,127.186488035123
44,Mini Royale: Nations - Season 2 (Premium),https://lh3.googleusercontent.com/1VgJxCD6oXwqqcXq3hkg4DZsK2v7oU6RW4VNl-AnA7zBrU5hWCJHR78piYWVIXhbH89JLzUHZUZKaTjAIMe_TVCLrRvDMuAOcMdyMwg=s120,SOL,1.6,1174,5553,-0.79442334643424,13.9245031935843,-1,0,0,124.677605981901
45,Bohemia,https://lh3.googleusercontent.com/ZXtHnlkQEo6S_Q_gZ0nGOOivrzIQaWIkFQLJ54Kmq7P9zKZgDn5LmAY-Qqn8nqIn0gwURNAxawwGwKiY0cBFUpsyEqZ2R53FAJ-62A=s120,SOL,,2660,5000,-1,0,0,0,19,124.76351986136
46,LUX | Real Estate,https://lh3.googleusercontent.com/01et7wMFSqKKkuOcBWaAyAmYwFt3BgxjPwrqZ857p0sFO82Im2diHOJiKCFy6AN1j0q2L7ir2saaeYmtPglsaQdxxorRxFYw5-bcKBM=s120,SOL,4.1,2697,4999,12.9952380952381,86.5995869014953,1.55667607906414,62.2511264354857,0,116.3500857928
47,Women's Pride,https://lh3.googleusercontent.com/T9HsstX5QjRORSv-Zd8Oe2fjdA63Pka2a5mI9kKud0tc2g8FX8Q-U4yWuiRv70B4ezGyINcjlklc7ZXtu9iisrRYhIROx-ksWi6UZII=s120,SOL,1.85,488,2032,0,111.944491582136,17.7579737335835,99.6546190756113,0,111.944491582136
48,Degenerate Trash Pandas V2,https://lh3.googleusercontent.com/kRhZ_DnNBod518yHmFlG9w3wZ00_kckepi_su2uwlL-jGE5ATGzJq1QF4x2ctMT2DkLo0oD7JmnQ6ULjz-eoOU2X-INgowf4rZ3UmA,SOL,,299,1265,0.490769230769231,38.2564984624129,-1,0,0,103.399142903054
49,Synergy Land,https://lh3.googleusercontent.com/liuvAhuqRDvKtNA6ENWgBscZ-eC9srZiIdhL1bSxv5mEuw9qb75Hygaq6m8_vgQBNuWae4fSZQW4l-5Rn6ETNjfoFdjP8YqNeuo1Og=s120,SOL,1.19,2301,7982,0.702628238863263,16.5451595571726,4.46666666666667,4.11122146572167,-0.820697772660999,1794.37992567084
50,Sollamas,https://lh3.googleusercontent.com/UKK0jDfTJrK2Gdz89Z2SMc1L7OO9CTAZKXwih-iESBGHr4u0SQ_qm1oOBiaNn6CrXnh4tmJcmt4pUvHIn8YMaUo47Pmc5WKdAaMgOVk=s120,SOL,0.98,3256,9248,-0.309617271835133,20.887941930261,0.549295774647888,5.98777771514234,0,81.1121194453703
51,The Exiled Apes,https://lh3.googleusercontent.com/ybUrdDWQ24fpqT5F-OukS6yVsGj6TZ7oL8IR_DezNvNp3BGYXa3RYK4AfVJvivXVgYy3ucAmuBcBcLgFlBbh4gPjnTMbD6G24PlJfA=s120,SOL,,392,518,-1,0,0,0,0,79.0345179083933
52,ASTRALS,https://lh3.googleusercontent.com/-4XsAwHGJwRI-IcxNQYgr6Or2l5fR1_zU4L3GPozLLquVGqgCmP49jhgzoG0l3FpNQ9lbpQXPIGJdeKlQ1bOaaQ-IbkjYp4qrx7F=s120,SOL,16.88,3833,9999,-1,0,0,0,0,76.8592649394976
53,We Are The Walrus,https://lh3.googleusercontent.com/S0ILb-W5wbBKZ9B1K0o6CbDJZwlhG5gp9a_IS3_nCAAk358qg7HgP0EqXPsZt0fPOLspiMlKUjBq_hhxidytj5P3ue-cX8m1Gq8BgQ=s120,SOL,1.79,1727,8285,5.08254269449715,64.8470329493748,-1,0,0,75.5082047991082
54,Solana Moonbirds,https://lh3.googleusercontent.com/4-DL6AlNCjzE5gLYWfNvRNbadidsa5lI_FFaDTHVPaOhmvBetO51kfCiaRFj6giq-A6GK0b3hC-a0tUkhsxkAVOVucGvr_G-NsCTvg=s120,SOL,0.1,688,2614,0,73.4617767295058,-0.316149947805597,19.8660709013198,0,73.4617767295058
55,Heaven Land,https://lh3.googleusercontent.com/BSutvM3dohPOyEzcDBqTOXaEokdKpewW7gQlCHreEnSoYeZxBLGsjbxP9nka7snff-Ne_3ZUbvljI0ypez7y-0SNBD8Ry5sJkdNq7wY=s120,SOL,4.94,2020,5500,0,73.2458813150692,-1,0,0,73.2458813150692
56,The Catalina Whale Mixer,https://lh3.googleusercontent.com/RcplRCRgZnZaR1X5SKUFRWK8nR18VkX-QSgxRbI-mUG31KXTy-FyI3pWxNa6laFsuLWmPjDIp7zqrIqjToTJop_q8-EbGMYfcLKG=s120,SOL,,2063,5555,-1,0,0,0,0,71.3693174438192
57,Thugbirdz,https://lh3.googleusercontent.com/fE4I_Gm4VJkMme8NA_1pFEpr75Yqs2aZeuE5rB4V26ft8x5zcCN4bxxG1M3aSmjRTPGsedoR04cPVCGRuG__nrQuMTBXHuco86Bi=s120,SOL,,586,780,0,68.8874805277223,-1,0,0,68.8874805277223
58,Dinodawg Kingdom,https://lh3.googleusercontent.com/eQQ_nxxoQGZSVXj13mzA67wyqNqhkCSsnN_zK9O5Mjyb50IO4FUvh7GviOunktjJGjN3vseKwLuJST-i4u2oV9bE8xr9_8koWvoetV0=s120,SOL,6.9,398,3500,0.089952153110048,22.3347435122192,-1,0,0,66.1610400440979
59,The High Society,https://lh3.googleusercontent.com/9sy7yBpOKN0wjBcGL-khLK8Mcyi70InQxwSJ4wkJHvReLK2fsoQy03FnSgh1h7hkHoHBNye8b1-wDObVIQE-DqJr-OCWE8cebZIxi9U=s120,SOL,2.85,369,2747,0.646808510638298,38.8195715096424,-1,0,0,62.3921795322934
60,Monkey Baby Business,https://lh3.googleusercontent.com/UjfR9AygF961ArdTvDlZyaXSc1ZVcraA-OgtxVK8wjPR2rtqSd3MD-gCdvdbBmAUm8Vq8QerWXuWGa_et8Vg4oUnIMIYUGFmZm-O=s120,SOL,,974,3000,-1,0,0,0,0,61.0883240140511
61,Danger Valley Ducks,https://lh3.googleusercontent.com/Klll_kYeDk86Rl4K7VLKWzEfWxliWQyQt4x-uf7Ga4zrrGS-uayP27RRblkhG22j4aTl3WnSkN4Qq_VSGyRU40r1by9H1Kd_Laucbg=s120,SOL,2,2778,7777,0.437990580847724,9.05851000935367,0,4.24246811573441,0,60.9372692987307
62,Soul Dogs,https://lh3.googleusercontent.com/HADH1D9BtoA2JxUYPzEB_kDRrZ82IUFyKDsM8WXAEgc3J-c33ypm7srCM-LrAbmZM_1A6cVzJRxCJX-J27G9-WRGq4NEe66EW7QyPQ=s120,SOL,1.85,4421,9998,0,60.8412480787498,-0.480762573879152,4.03681943644955,39.6932666666667,62.3363663885459
63,Jungle Cats,https://lh3.googleusercontent.com/npOK-1DjJSqSIU8nw59_MnSdR4kVHYKU2QGm4XBgzqI287ZSNVRAYl-EXhg4g5fDqi0NnxyirdCT2RC6QlSGd9tYghF7Au5ML3rR=s120,SOL,2.7,2438,5499,0.133941039565555,29.5367948492938,-1,0,28.4465,61.5258115403157
64,Genopets Terraform Seeds,https://lh3.googleusercontent.com/Q4cGKGGiDfkSsaDt0p4R1UKuzDsusvBgHvh0VmavPT8LJrk5f5Z0bn7Sr0YEvADWSl7qUwUcLCIZ2wJ-lh-eBO_hU4JRQzyi15feSw=s120,SOL,0.125,28369,40719,-0.629849441332503,4.91840917220191,-0.717213114754098,0.135864936998592,0.653027991376162,100.608123681451
65,Bull Empire,https://lh3.googleusercontent.com/W9I-1bkFEglg4aLKzaM1IfmWoXlMmFhq2CM4M31JbRj3YSPHcLBO1iNxa2c1Y_oCv7Z4SK3pOnxWIPDPhVrtOpttaWI8-qFQf2GtZwA=s120,SOL,,1999,2502,-0.883677298311445,5.99685427370184,-1,0,0,57.5504563363322
66,Cyber Frogs,https://lh3.googleusercontent.com/24-Khe_AzsDZ_QCOrePMcJ_FPZC24mOoAY2nXuVI57-4cjwFfir7lOAhxoMlU7rapY5vBm8aKOzQrfbUyeNjn2DIBsqZx4CSYgOfXw=s120,SOL,1.75,3142,8366,1.21128382268279,38.5151259752121,1.45798319327731,17.5980333471745,0,57.1660331123884
67,Pesky Penguins,https://lh3.googleusercontent.com/Zz9ewSZiWKgb89zp_H3EQqxbQuak4wpMLCXiii_zpmCFWhP43PYZ4KqYEi9k2BR85h2Oj3Z0JxKmkmCA4hocoJEnieDgNFljzwt2AQ=s120,SOL,6.8,4016,8496,-0.649267831837506,14.5322731009281,-1,0,0,55.9663770129344
68,Caveworld,https://lh3.googleusercontent.com/xQfUDzpOuFi7WVOmyAS6GQapF8dboPmPjYqSB8wpY4q9WcxEwR6yENUrJ9K4KfieUCSE26pTqihpaDRcexrnf7V44A70gtBwiWm-FA=s120,SOL,2.7,2921,8887,0.193269230769231,24.887930921759,1.66666666666667,10.428464205733,1.93683651820259,84.5206969125777
69,Magnum AI,https://lh3.googleusercontent.com/pUNMWrvRh2DS01YV78zfKsDZ0lmwM5Flh9YxFPuU3yiszKgfBisRd854Zla4Qgqo6gtGZNU2RgIvemhlyxxVC86XTqfNbdrsMSK0=s120,SOL,,2999,3875,18.7851851851852,52.5371514117238,-1,0,0,55.192529712204
70,Rude Golems,https://lh3.googleusercontent.com/xPZDHRwIzVyVybXh5oOJMR6-eW5JxNOl9Bxe4v642s4Xbz_Vb8W7xjCGeLm1hKW39YEAl8BFXCgGpZ9RTIowTHPcgCv711MdLdSdKg=s120,SOL,3.5,3155,8864,2.10172413793103,35.352901452913,1.34,17.2441195246977,0,54.9453654598915
71,DeFi Land Gen-0 NFTs,https://lh3.googleusercontent.com/bzGRtFMF4EZ7dZxtZDv29FdIYheIkXzKZNbRca7EcKgiuPJykxcpZ5ftEED_Sfmc3oPHJ_pfJ2p8iQxIaNZCsqwwk0bBvIM-mPChoW8=s120,SOL,0.488,2472,20093,-0.896488723950899,3.60177806615911,-1,0,0,54.8570864538618
72,Solana Puppy Pound: Generation I,https://lh3.googleusercontent.com/OMTZertsQcPK7HbNdCq7pMuN8piQH8F7L0eovf_gz0YktrMRkqQ4PUehzN25vBQqMdeYW529_2r1hFSh1dPtLMrjBCAWUgfpVrJX1Q=s120,SOL,,1120,4443,0.166921313980137,15.2877519845669,0,2.59816721125602,0,52.6989578230684
73,Zillaz,https://lh3.googleusercontent.com/7IsmsQyjn20ID_SHGkUSgz_j57YdWVRodqpiil03W4K5rVoymoAd0-34EA10z0dnI5Lcwg1ARd6gSdRPE1kRmVdvNkD5f7JfoGTq=s120,SOL,,787,2424,-1,0,0,0,0,50.7180530424698
74,Citizens by Solsteads,https://openseauserdata.com/files/a6803d64151775e61841f47e3e870000.svg,SOL,4.1,5205,13590,0.305529075309819,26.8546367339633,-1,0,0,50.3835732926216
75,Dronies,https://lh3.googleusercontent.com/RrIIKmrKIPdgg49KAhswAzQ-H6p3uvHKn-c9OHoG_k1ZJQL5S2Y6OVGDh7usUHC-qu-sEj2ElTh422Gn5YnxfSJxnfYMbkw1QpADPTc=s120,SOL,1.6,3566,10000,1.29737793851718,25.1878490377985,0.50887573964497,5.05561140118747,0,49.0384392951653
76,Undead Apes,https://lh3.googleusercontent.com/Hco_xGDdg1J68x3Oo83a56qQVb-lihFpdK4zrOWPFrzn6CXlZvgKeBpXE7-5OadkW-s12dd5MylrqloXZ1Ip3kKpnQPkATmMkdaduw=s120,SOL,,1021,2501,0.449562682215743,24.8481386202426,-1,0,0,47.5373078350256
77,Cyber Technicians,https://lh3.googleusercontent.com/kT-oo7lQKDrqVNPHZ0zqFJ0wW7TjjLVAVurXZum3RargMyHhtx2-Ikn9BdVJJ7IKb5HpkH8NBSkUA20zbh6Q8doA33K_AlsO7CcnJg=s120,SOL,,2095,4835,-1,0,0,0,0,47.1319073363702
78,Jungle Cats Lioness,https://lh3.googleusercontent.com/9AdPsnpCBJDjq_gfp7pIYfOSCmwpCJ4qIK9JFcYr-iVh2Q3QRPvqTJI74mHFWgcU0cHN8QXXQlL_eQjSG4dtXfZlqOJvyQ650rDu=s120,SOL,2.2,1549,3800,0.938477580813347,18.4658174985929,0,1.97670666068853,21.5761904761905,49.1792697340147
79,Fancy Frenchies,https://lh3.googleusercontent.com/5-l11Vp6G9hjEjsRl7zGblO28-1oj26xLVj4TG_5bzsqrILIBjA7gjxZmUHGJB3bNENFQVibtds6_Xv94Aieb2BlQvhhli_hukSn_0g=s120,SOL,0.65,3522,9996,-0.406333176336572,13.5252342848077,4.93333333333333,4.44186661013979,0,46.2795087593649
80,Elemental Akumas,https://lh3.googleusercontent.com/pRTytsBl9GtWM2tTnfMqOeAHJorsBak7tNSaPgofN3Iqod6XsP92ehLQPXwEJU_FemypsjZeq0yiBRyZew3gH7bILmYnlz1zk94yJ34=s120,SOL,0.2,315,788,-0.4502750740584,6.48368754596562,0.667857142857143,0.932373236017227,0,43.3191087165572
81,Rogue Sharks Coalition,https://lh3.googleusercontent.com/cjTrZKsWvKaW6sFlT2IfaNvGk0EqJ-GYhgdCua90C9n5iStOUJKENdI61bNVMAlqTPQrSiNG_1UmpllvMm88QZeLwxAsVBqj0sW4Zw=s120,SOL,2.9,2402,4991,0.322529441529366,18.7401623917493,-0.171830985915493,5.77527017104222,0,42.2408957005095
82,Cyber Pharmacists,https://lh3.googleusercontent.com/LfvkNpVZ3KAOYNMiAXUnBIQn8Q0T3Mt6ikaIR_dDcAUrULlR3TlSw_ZMx08NcJf8qxv7vf7bqjCoQCdDqW8GgOWM6pB2zXnYtsjQ6ms=s120,SOL,2.29,2941,9616,-0.104469854469854,17.0061782380643,-1,0,0,42.1157066406387
83,Origin Jambos,https://lh3.googleusercontent.com/96olscytFvSa0tmmEDHGCbSb-Kb6kRAIqk5W5_qCgp5BDVI67sThQAVLccj3833B8TMP9e5fFK5fbyyOiVrKlpTvUNE25r1Px42S=s120,SOL,9.5,3933,4442,0.84,26.8607639089669,-1,0,0,41.4590051638403
84,The Remnants,https://lh3.googleusercontent.com/mpU-J0NEK8wlfWyIj6gvN5UZGBXrRV37bq1HUJxM5PmhwpdUlGMz-e_48xHnpdhgXROWK6QVTVE1cA6-LJV2Uu7JhZ0ahSWUQQNR=s120,SOL,22,1345,4000,-1,0,0,0,0,35.6275477294184
85,FunGuyz,https://lh3.googleusercontent.com/uElteEX1XfPkr_TaWxb896ZLlEss5tZj5tuEcHu91kOYk97zJnOvZtxCYuLa4NZo0caObl1Nvc6e1hn6eOvUNNsBUxaVwjfDhcLZ=s120,SOL,,1636,3000,-1,0,0,0,0,35.4475052441848
86,Solaris,https://lh3.googleusercontent.com/0Blq1yqpa2aHAElwlJHtbzavqogPjp9QqB8GQYPWf_-mAMoPaLb9RpoZatKbZAr4zZ9_K9eChBtXrAGIyn4tzz3NOPvzXi6_KW-5SQ=s120,SOL,0.6,1547,5000,0.514493865030675,19.4471495778936,-0.658959537572254,2.90491119827769,0,35.4093904335144
87,Scenes from the Solverse (Infinity Labs),https://lh3.googleusercontent.com/-Vd_0vieDZKwUG_vXHjvLk0Ypmw8xG0UKoYKwEXeY_nkCYeigIKDlIyQSmvKDWEPQ7rGjGGx9s6cM8lJQp1SMMUrSyRQG85VLIUR8uM=s120,SOL,0.95,2116,8888,7,13.5751428984048,0,3.43371261547885,0,34.431952520623
88,OG Flowers,https://lh3.googleusercontent.com/tplPBE6_1fVDvxbQVs__y-c-ksH8IcZ6GroWMArA0TGG8PO2bFbtwKwgd4lqJUt6M-xqhpX7nq7bj3OAN6MRUNar8jaJCU6LyuR-pw=s120,SOL,,43,1110,-1,0,0,0,0,34.0754901086205
89,Samoyed Coin,https://lh3.googleusercontent.com/vgNnS9FxBLqtFEE96iGp2Pt8TBeACvfZjyrigeLn4p7M-Ol2HDeAfe8OLnkcBye3skedLANjJFAVgvc3MVPrKKUgqqgUKJClG2kh=s120,SOL,5.2,1253,5525,0,33.3551318041826,-0.772450532724505,2.93674452575106,0,33.3551318041826
90,LIFINITY Flares,https://lh3.googleusercontent.com/WzSxrKBU0BvptHiu-FzziIHkAkey4CgWK-dgj82ro7KswJKpR_KEyfAQwJ0ljdjpHJBKozAbP6_YMNPNOmk5IF78gzt5bgTCLqJt=s120,SOL,,1707,9998,-0.636363636363636,8.87576311133363,-1,0,0,33.2841116675011
91,Diamond Town Heads,https://lh3.googleusercontent.com/tiSuaYCzvbr1bT0FZB-fwrjTlp-mw3MUeAz1e6HzrkBZPwLkCoN3vPsgKrdFwGB4gO0pHVk2GQtqRMmS7NqzFh8zzgmmP7HIuR2mRyg=s120,SOL,,1978,4995,0.14828897338403,17.768370703931,-1,0,0,33.2421504891425
92,The Lofts Business Club,https://lh3.googleusercontent.com/KyXDCf77L8JrbNRsjHGqWwAmY2d_txIJvibuPEBQckrSkXL8XnfgKkPT5773GQJ_ObwvUmCTIYVb6G0vFzfGkzzl4CZDMJCa5k5gQ_Y=s120,SOL,,2753,5555,-0.846940639269406,4.20146779057898,0,1.69462543343162,0,32.8045390856304
93,Chillchat,https://lh3.googleusercontent.com/fBe7iBxJinPnfUls2_yFYKZ4r7IlwZz365yyUERCH9nEvcjcYa7VrXwOURmvPlfIyRjdoH45jG02zpH2GBmvsuP4qwSXc-F3_P1Q=s120,SOL,,579,1130,-1,0,0,0,0,31.5138179437565
94,Guild Saga Heroes,https://lh3.googleusercontent.com/73qJq2frQ35G8Wjv1UP_xRbbJ5EcFquGpZ7-DLfB3uUuIjqgPTe9hY8blOEbAzfn--ydDhYwvu09rzHq-dPvOp-JvI8zi48eHDyo=s120,SOL,1.6,3066,9998,-0.746000329869701,4.64343272318986,-1,0,0.020883134130146,61.1777286640354
95,Genopets Genesis Habitats,https://lh3.googleusercontent.com/Q4cGKGGiDfkSsaDt0p4R1UKuzDsusvBgHvh0VmavPT8LJrk5f5Z0bn7Sr0YEvADWSl7qUwUcLCIZ2wJ-lh-eBO_hU4JRQzyi15feSw=s120,SOL,25,243,294,0,29.199141287447,-1,0,0,29.199141287447
96,Blockasset Legends,https://lh3.googleusercontent.com/n3Rh5muTsglspsLRKw-PMtXd-6HwaAgbWlIeFQaD6EJeWTg9i8oLcKkKFbhOfqfGEL1pXKG7pFNmKndnXQwTtOI92NkJpgU2aSJJ=s120,SOL,,2275,9999,0,28.6815021560999,-0.417927823050058,4.98461977008983,0,28.6815021560999
97,FRAKT,https://lh3.googleusercontent.com/lL79NSAgAtkVwXbofSu0AVBtiCfOED5gBNc7Qmz7XENTsUpKY8TaISnfn2Gxf9HtEKI-SREpZyIm3tbfX2o2s2X9r4yMh9oBrZTU=s120,SOL,1.95,1003,9942,0,21.2799305172761,-1,0,0,27.922506230693
98,ArtMonkees GEN1,https://lh3.googleusercontent.com/WEEg3_gFgy8m5BcBMlJlzcVKGcSE4DvLCVOPDd-8KxTGLz1qtJ4RX4XPJz0dEY3pQpyft-VislYT4xbbF9dqdJsq38Z9XDV3SpXMIg=s120,SOL,0.52,1786,4993,-0.206826596011817,10.6000583712787,-1,0,0,25.6420871784813
99,VBA Season0 Pack,https://lh3.googleusercontent.com/_IzJVcs2lxXDMQhNL0P1PhZ0FnZ9T1li9I91b49C6bh4qWKxEENlGK3rggukgao_bWmY-5ul2vJPQ7WOqdBD0NBpEGCCLShmeWbLeg=s120,SOL,2.6,772,1672,0.155,13.6716911191885,0,6.8851662346274,0,25.5806613126923
100,Dazed Ducks,https://lh3.googleusercontent.com/1XVvnRO8wI2WbWUuGAqzT0ezR42lfM7PUHN52TVHnVGjHZhA95zqfnxT5n58WdQHfSue0OiyDBfniiBHu2w58vevjjs-od7AqWKZ=s120,SOL,9.5,3571,10000,-1,0,0,0,0,24.5194199447846
